product,review
Laptop,"Absolutely love this laptop! Fast boot times, great display, and battery lasts all day."
Laptop,"Terrible build quality. The screen flickered after 2 weeks and customer support was unhelpful."
Laptop,"Best computer I have owned. Handles video editing and gaming effortlessly."
Laptop,"Overheats very quickly under load. Fan is extremely loud and annoying."
Laptop,"Decent performance for daily tasks, typing experience is solid."
Headphones,"Noise cancellation is phenomenal! Very comfortable for long flights."
Headphones,"Broke after one month of usage. Left earbud stopped working completely."
Headphones,"Crisp audio quality and deep bass. Worth every penny."
Headphones,"Battery drains much faster than advertised, quite disappointing."
Headphones,"Good sound for the price point, fits decently well."
Phone,"Incredible camera system! Night shots look stunning and software is snappy."
Phone,"Battery life is subpar. Dies before the end of the work day."
Phone,"Great screen and premium feel in hand. Highly recommend to everyone."
Phone,"Camera app keeps crashing and phone gets warm during charging."
TV,"Picture quality in 4K HDR is breathtaking. Smart UI is smooth and responsive."
TV,"Remote stopped working and sound lacks depth. Would not recommend."
TV,"Brilliant brightness and vibrant colors. Amazing movie experience."
TV,"Software update caused continuous reboot loops. Very frustrating."
WashingMachine,"Super quiet motor and cleans clothes very thoroughly. Great energy efficiency."
WashingMachine,"Started leaking water from the door seal within a month. Disappointed."
WashingMachine,"Large capacity and many wash cycles. Works like a charm."
WashingMachine,"Cycle takes way too long and spins with loud vibrations."
